0,1,2,3,4,5,6,7,8,9
-0.6407743155584129,-0.9943887886242566,-0.5623047733170872,-0.38911856437991227,-0.6797272324141316,-0.07597658547899366,0.3515376751849868,-0.7697202041678011,0.19429448325384513,0.37091932947454354
-0.18505443555475298,-0.6904126017849987,-0.7672493531323569,-0.8307371700191754,-0.5995804214170384,-0.2681015834220018,-0.03347992116467258,-0.8219631467686164,0.6252947114419233,0.6807536699150726
-0.2697226547723577,-1.326231463972664,-0.4393581486458643,-0.9490496077559092,-0.8404212203580371,-0.35637788447019736,-0.09127572950264173,-1.1404034768114149,0.8652568966378618,0.687692620164686
-0.23734287863037418,-0.6505779550700372,-0.4340817319648955,-0.6681425065024573,-0.7061555805628321,-0.14248300676120085,0.22451596481308994,-0.8976329246019467,0.4877514142885605,0.541497838673883
-0.3454206438091898,-1.095238718551859,-0.549767166344808,-0.6475412787509764,-0.9244697036720652,-0.549676577265565,0.06540364525761799,-0.7679198324000366,0.5887985324743622,0.5224890447533813
-0.2868205832823676,-1.0564167251520953,-0.491467031950205,-0.7960480930311156,-0.8885004854857163,-0.5306564596883836,0.10214124400235475,-0.9594781973108009,0.4580141834957513,0.6195020694735024
-0.4123721571244667,-1.0094996091488275,-0.7484719014203349,-0.8382102276875959,-0.8067323161616266,-0.036244795101037064,-0.1350135074637806,-1.140632971624068,0.6707601002089338,0.666311326769801
-0.2191069752651436,-0.8442765507496353,-0.3927470824602146,-0.8276693442250829,-0.6070489787791382,-0.23420286324232945,0.24452381136456353,-0.8126334538680015,0.22088415196043734,0.5125118778365249
-0.18707043566112957,-1.0646058865866714,-0.465700138202972,-0.45136899361017047,-0.6402422357608001,-0.3803596245297049,0.013810011664465272,-0.9828586891434516,0.5042719108515792,0.55365295449284
-0.12051751027191945,-1.2236253861358197,-0.7504161608237749,-0.7098480143881307,-1.1170095157722137,-0.5160258209884654,-0.1784616756084073,-1.5235828728572498,0.8801872386581433,0.6045476936509177
-0.31811522258227054,-1.2896160239967813,-0.6606645530423503,-0.6562587619428791,-0.8938618118263206,-0.4304099498704093,-0.093739124698071,-0.9006772583561651,0.5949837260870485,0.501463358059797
-0.603108207434407,-1.0996043206453874,-0.5711281256964361,-0.5408147842438362,-0.8892005711143636,-0.20013502007395842,-0.0037068743376496016,-1.1867758143196294,0.7006949448330334,0.35955985396704254
-0.19502575007026415,-1.2031166928960073,-0.5115823125413478,-0.7274830679345301,-0.8817502484044246,-0.2948984554587558,-0.0015836748002088785,-0.8940324254032687,0.5491665125395676,0.5709485248995241
-0.12199546876136697,-0.7231940059708295,-0.5040120366693527,-0.8543286849505862,-0.6332655718351576,-0.36683947534734607,0.17202370303891756,-0.9739535740145804,0.3982496590122251,0.7250560330269996
-0.24935194060027227,-0.8449603952852125,-0.47385887516530445,-1.0887475852655608,-0.706621267551014,-0.24319454066628296,0.10517698865665415,-0.9708921637582573,0.4670741326436559,0.4303613249932609
-0.49393818509650717,-1.3607496050236751,-0.8765355553251548,-0.7635378002554787,-1.1233601151152768,-0.4404094739993551,-0.41904316878804704,-1.2796760179510254,1.3247776406660599,0.7534786880352962
-0.31901861073203586,-1.220499731634019,-0.4039266447222824,-0.959611971118411,-0.8126976932320031,-0.47942252949559017,0.052562119760979964,-0.9036211822080304,0.48547857113768395,0.6498762886239573
-0.28462385139237023,-1.2642699234191934,-0.7736997839698245,-0.5624453501298311,-0.7976597966956197,-0.29191829376975076,-0.23025924816590249,-0.8937033443282302,0.7744655403282888,0.5586995486886713
-0.29077024560832954,-1.0770996691293366,-0.5329165012830266,-0.7453588094417526,-0.860552549748411,-1.043499214906569,0.026868908065468378,-0.7234277834429401,0.35512674628182184,0.49945651959203485
-0.24681921533925705,-0.6907124768606874,-0.2573228398236465,-0.703021488201704,-0.42427275348907434,-0.13570071985279983,0.18359952346977423,-0.9699076681571286,0.17085520851604752,0.6072580889908124
-0.39045072597872493,-1.1868530450804529,-0.9485595704862402,-0.6079309010354284,-1.0466328798802444,-0.4823030849797923,-0.2952446405445739,-1.1236711048325647,0.728724181881036,0.6406593798223915
-0.18475437913044557,-0.9305053077031393,-0.31205394284512705,-0.4784460965302935,-0.46980764800836167,-0.35015861887067,0.38929198240484053,-0.6707190832548349,0.06796681369101243,0.37159993506237354
-0.5646211517921467,-1.2193184492649987,-0.4607300275667125,-0.8604301447172218,-1.0599384949790798,-0.7103407508816005,0.026200238752102534,-1.1850847670154125,0.213270215159712,0.5550856119889834
-0.2810473210684197,-1.3883225227144387,-0.5191173384693549,-0.5925502263253456,-0.9885704837337158,-0.19892492452035393,0.15353288553110256,-1.3910998107874801,0.49130481752853106,0.45829542363909703
-0.35352785955340627,-1.1295044781200274,-0.3555577638971316,-0.5538297431352537,-0.6883654869234745,-0.48858956853821234,0.22561797648768334,-0.8886199967117254,0.5937403461199122,0.3611707289964459
-0.28367183775394544,-1.2318551363567338,-0.6211717402174523,-0.8218138861375238,-1.0231763881042844,-0.6244864588074814,0.039754513250816914,-0.9617252199514554,0.7313472540010147,0.6110879856902268
-0.36743762697149135,-0.9990029288826845,-0.6621446459060708,-0.5425846999275016,-0.9182253859387755,-0.6160349883113704,0.08381660779900357,-0.7388647145986145,0.5855513409522106,0.4059154146720273
-0.26840863696114514,-0.9377162491402842,-0.3685072129637178,-0.3886468582412783,-0.8007711048470774,-0.45499645734952454,0.3199483564434959,-1.2066524988418321,0.1112225534310427,0.2661269126259524
-0.3857174972093584,-1.5109529161877235,-0.6769087953282603,-0.6346383851930044,-1.068178567394422,-0.35057369356496204,0.15222056683659402,-1.221646173264208,0.570280911774179,0.5745268786311928
0.011115207149988482,-1.0781865585537278,-0.6624446652458514,-0.7919320209610055,-0.8788960775875975,-0.2882897270224671,-0.04286615923883652,-0.9578962801741921,0.8051309170201726,0.7497130213274571
-0.4937157271298085,-1.1883997810401192,-0.5299974733118505,-0.3822981483223795,-0.7430328068501801,-0.08300155237535428,0.20152188187586895,-1.0835643281534788,0.48049585677993306,0.24584212675292882
-0.11185519025417912,-1.109791172626941,-0.5019334899849002,-1.1719755538272008,-0.8173823646906113,-0.7513321961629558,-0.06980786876372991,-0.572575429768466,0.6253892977795572,0.703522525263944
-0.486536509473087,-1.0866265678029463,-0.5403037833226286,-0.7028468916671292,-0.7558733879271828,-0.34800056590426487,-0.15676878791289922,-0.7701663695593863,0.9273286900653196,0.4990128174215293
-0.42713927424949183,-1.2016702266747483,-0.45063932992167405,-0.8139553552839975,-0.9692568955520486,-0.319949965423688,0.07468887063120705,-1.1350628648508314,0.4959307372744988,0.618514401279572
-0.053006722570194675,-1.1494428613121177,-0.6849346970487422,-0.8810710277690926,-0.873041926651309,-0.4501361995327204,0.06451055815120987,-1.120910325346175,0.29884082056690664,0.4972599434012953
-0.2770461160830748,-0.7236124943931559,-0.7742245544489265,-0.3383685552864098,-0.716705992761413,-0.5576356980449029,-0.06689011136079437,-0.8954243943674772,0.5650785471782546,0.30495638723818075
-0.46758968904524356,-1.1097361899902438,-0.40644340764865117,-0.5080802830126252,-0.5984121159617322,-0.4933863865755856,-0.11021560908981393,-0.9677761328750547,0.7133826942521581,0.458569476881397
-0.27488651737078534,-1.2881011955135269,-0.4314686157408101,-1.0266151895875701,-1.0273924455954961,-0.49399526827478235,0.43059483792808717,-1.178398412060793,0.050837089530150814,0.7212392912008515
-0.16859740495717057,-0.7969647178550371,-0.4109683704497724,-0.8076799859114001,-0.510881091977359,-0.11997455278605962,0.2131758257762678,-0.8611311745443815,0.34582940106094323,0.6607872408732629
-0.42615470604085315,-0.9815224967770935,-0.4362970572131304,-0.4379943319488239,-0.6590719617458884,-0.1733707398143581,0.29695899492618233,-0.8512757126975785,0.1143028450212667,0.34306573171761523
-0.2615204757592232,-1.032591543921614,-0.40603920058428766,-1.0045228518439429,-0.6276031465202634,-0.5110996295425446,0.20274857871268714,-0.7763696145761357,0.45202569774475754,0.767362887950066
-0.3774264960101387,-0.9027956630738596,-0.437120480603661,-1.3795970818092327,-0.7998791880719476,-0.8225282917692494,-0.3066813970782427,-0.7121159567940915,0.7401929769777469,0.695509728110951
-0.3807049075837076,-1.2312657368811462,-0.7219700986254801,-0.6211448368759098,-1.1201383094332622,-0.7729703008027785,-0.2780568707595443,-1.1722929180430646,0.6926615883614776,0.6832264383334035
-0.18024026847754726,-1.6400398874508908,-0.578602630180621,-1.0504828915646667,-1.0006496046081628,-0.6240597250352845,0.07610737779188903,-1.0421810418423294,0.4248632165774689,0.6351068327765578
-0.34248145198531954,-0.8966109683974461,-0.5719639051471933,-0.524372112390127,-0.7119341696024141,-0.39755857018494534,-0.02427507048271882,-1.0052325479394577,0.7052736027916832,0.5819974092766097
-0.658196703469009,-1.2051081755886992,-0.45088830582709827,-0.7254858128952115,-0.9495793659568262,-0.399726969033271,-0.018898729786017865,-1.2691134338441123,0.5038071572424723,0.36589134580639104
-0.5033713904378537,-1.05283269728708,-0.6723843011805701,-0.6208251419325255,-1.0167099808986864,-0.9360114522461535,-0.22789106099294804,-0.8712381134102496,0.6645212028767753,0.29225557812931946
-0.3942239501121044,-1.1119417203652926,-0.3525108591327742,-0.5757537614883755,-0.9927162256272261,-0.21229710295487828,0.42015788536788945,-1.253755889373902,0.1827591234271042,0.35202331714325796
-0.09616438478322556,-1.2832556521917022,-0.6663957745423628,-0.5762502688151259,-0.9518832580041808,-0.5356961647182389,-0.17045425274034526,-1.1760328462256544,0.7043527760172399,0.45166127296085035
-0.4599849542769253,-1.0498821012799855,-0.6352715214316347,-1.2131950586629996,-0.8553491100869326,-0.8258964152999259,-0.1296096658305837,-0.6141254024161342,0.6362602394724026,0.8009553284275173
-0.39799286991772587,-1.1247397830757504,-0.9371088064275191,-0.8755706621505515,-0.9271508284865686,-0.5989734083771499,-0.47008146457200223,-0.9238364987829009,1.0543249422975047,0.6895983131454921
-0.5194541404327687,-1.1464977087212582,-0.6958620101958681,-0.6861775711330546,-0.7283409174646982,-0.461156289520226,-0.1808405643171882,-0.8912116780299852,0.6811001022053665,0.37668671047349855
-0.43368160731072924,-0.9579646590620723,-0.4590987198210282,-0.31942009241192754,-0.4424690291431205,-0.2602712642992079,0.2133162045727805,-0.5158783533295784,0.29927072108723163,0.3335071425899928
-0.24954663253068543,-1.2319819249223392,-0.746832831469437,-0.940635318981931,-0.9866867486580642,-0.48579326693531594,-0.16354564863019516,-0.7521245891349463,0.9278040893323304,0.6777805767808918
-0.22644631722493977,-1.2468747783558052,-0.4156607954226213,-0.8599824397511354,-0.8130641451550358,-0.7053159036922186,-0.09846153402844099,-0.9641605259504318,0.7872402601712402,0.4724441301925991
-0.39403852728863875,-0.7672001040990677,-0.856130995445303,-0.6365348610984529,-0.6198891076564201,-0.4195010623998816,-0.2874210446608002,-0.6751051457652204,0.6881971431211706,0.7151332159533599
-0.6464230332898406,-0.9468333381493976,-0.5703033302520639,-0.5661046925367152,-0.8387680410030874,-0.5300920874461574,-0.08729988494806562,-0.8228157263481848,0.4758468499500921,0.525674124938915
-0.3366694445599125,-1.2709946439290611,-0.5743734688297343,-0.659902029145001,-1.0589829720650994,-0.47444975806362266,0.11913177043008027,-1.1285155911273241,0.27412906237468976,0.5454317937388926
-0.1646737023232432,-1.120467617930696,-0.630589296356484,-1.0406025470817084,-0.690392190086081,-0.15334056873797755,-0.31312578098008814,-1.1757028710093336,0.8742915803752632,1.1161213804622068
-0.3871287596841868,-1.0362164336853983,-0.42507960692074903,-0.5343181497516734,-0.7615665754298995,-0.18166760469275706,0.3393753794938501,-0.9898337636285109,0.28756580695418915,0.18949218037759985
-0.44350513265500563,-1.2888928462222697,-0.4064782193465827,-0.8297040408505529,-0.9584500875552923,-0.44752785523805677,0.3403220028932271,-1.1576395555146295,0.1912633049395916,0.4012080317678679
-0.21249755900328765,-1.2856868925008929,-0.6403389554851383,-0.5791460831704323,-1.0194295578248969,-0.5348987536890869,0.09905468918457483,-0.8502181996522884,0.590589136619675,0.5333429805707397
-0.39087229272508855,-0.8725243882945074,-0.5362408645974458,-0.6016857955842279,-0.7443692444871846,-0.5229612634515037,0.17018459200943692,-1.0963584933554857,0.42919876708788585,0.7109814867148039
-0.3489962993102867,-1.1250764832712463,-0.7547564087890388,-0.7739065315996636,-1.032413445730435,-0.3014939110712641,-0.09291005279710829,-1.4944361468843175,0.39144782073634554,0.7589117116967568
-0.36165164500819924,-1.33353512101586,-0.512776438614061,-0.8244605188823584,-1.0034604396399378,-0.39366222450755967,-0.04237457995627586,-1.3152995936813827,0.5288727658138693,0.355994037401371
-0.08159888859908326,-0.9578642683289047,-0.29828778015515134,-0.4107668153888815,-0.541551688376571,-0.20798330101914153,0.5217028550951754,-1.0107098907277439,-0.06486750320381013,0.51930844796906
0.02538168200554819,-1.1693393771442984,-0.2623967248718699,-0.9448756453421208,-0.7221429967378503,0.02956611004727852,0.3149043272402934,-1.050969303221349,0.26135789363647244,0.80341393780158
-0.19277042651407972,-0.9418312903203214,-0.6996430377897506,-0.8261544791467856,-0.6300456468375462,-0.5469727101763504,-0.10634498796312919,-0.9854465219559679,0.6236172309594721,0.6711575884890111
-0.3598655438354364,-0.9747876101001905,-0.5681470498269738,-0.8294084049736801,-0.8524401184257571,-0.8285504964717068,-0.10881579778431127,-1.037122381457204,0.3890142145296404,0.6291074892517512
-0.30068482599078694,-0.9168910394529683,-0.7046551981504124,-0.6599225429142099,-0.8241688843632133,-0.094570584153235,-0.10617530277698273,-0.9150663613768029,0.7308347229745675,0.46801255699386424
-0.30142768952525106,-1.2690623242262737,-0.7484532821612736,-0.37658617713350373,-0.925178240157066,-0.6418853276866372,-0.013908641904458952,-0.9364047518613197,0.39062001841051663,0.4770971232633513
-0.3212889509072696,-1.1512774692060188,-0.40495613277650394,-0.9046944442898628,-0.7213222974691693,-0.3074357956757421,0.2335573270605732,-0.7786093443848165,0.3745056407629695,0.6613209558067363
-0.2781443353838936,-0.8913204809926113,-0.4958611395789492,-0.6603516114111798,-0.5832638295591797,-0.28053783625323087,-0.0053213056634544564,-0.9528106870550545,0.8825682595190585,0.5421575867929658
-0.18319271280814103,-1.342954206707563,-0.6682963631152857,-0.5296877563577611,-1.0264643865073597,-0.41567282057408517,0.008822000163583588,-1.2411920613219176,0.6998592781973215,0.6939049881441458
-0.2330029054712972,-1.4329778972556126,-0.7125679014066656,-1.1313659801598712,-0.9817827687169375,-0.4470412350177874,-0.10608913028795053,-1.0627203856391318,0.7291281106532199,0.7300691727272679
-0.31930964414627305,-1.14184571239617,-0.6983957975127953,-0.7420590554620489,-0.7592422855505039,-0.6378370798939801,-0.35265384518342807,-0.9652663766675662,0.9168466585177084,0.5631015489659204
-0.3698011656565296,-1.3409731323811693,-0.27118234070688346,-0.9520524076128846,-0.6783621074407614,-0.3501072101199427,0.21685561733905012,-0.9473522857116825,0.3891389309195622,0.7886280648213074
-0.33868269384035365,-0.9193160689260296,-0.5992801408718325,-1.0500031841195359,-0.7428397486542857,-0.5545304712211416,-0.2531681863629774,-0.5627438512123153,0.506580303404319,0.8047882284682
-0.1041104921565747,-1.662014941318027,-0.5323558934076014,-1.31447303825165,-1.1767302647814684,-1.0845273615434747,-0.16683785378961008,-0.92029350120829,0.5237596560019495,0.8576027785670055
-0.33354623000718975,-1.1448100363569491,-0.7305727604985625,-0.5614052171321888,-0.83254926792243,-0.22770267854873544,0.051398942156981486,-0.9949682109712923,0.585611692452035,0.7031221379989923
-0.540094619759445,-1.2225284461024855,-0.7713861439556273,-0.3918064949049953,-0.827924492654881,-0.522006906112969,-0.08753696455642279,-1.049280858316914,0.49983301396911417,0.2604917898893631
-0.27524432689379086,-1.0461628177352071,-0.16041084137309686,-0.9044019672417476,-0.6414281372111096,-0.2889927217057937,0.36910780075458527,-0.8785346727694551,0.27868929552654714,0.49449045183677204
-0.02913047707971772,-1.3523101267024975,-0.7420722367265243,-1.048300764611472,-0.9083117856039745,-0.339401578142535,-0.165559647287282,-1.0157590893235655,0.5763120175766422,0.9165472870132445
-0.43676941256728163,-0.8938336022534007,-0.6509517422416212,-0.43560001623297256,-0.7601565338574834,-0.5101146570239641,-0.0030070805963113845,-0.8350609234781088,0.4730899389830803,0.30589811711938414
-0.24595063648582755,-0.9774064512937887,-0.5523159465504507,-0.5590312357640808,-0.733926678301761,-0.29348937076093073,-0.04242215996047577,-0.8745932147188042,0.6747705281322185,0.6134204618776989
-0.054766730219915905,-1.0447601997843199,-0.6885309888413752,-0.9661536989200198,-0.8082692627085792,-0.3627715943143758,-0.0874998161897611,-1.0616273885116707,0.6228918648498811,0.8704757010249521
-0.3814660903140496,-1.1695590362099268,-0.6544647042972219,-1.1058250308895317,-0.6534905955861579,-0.38458102773539776,0.03969264058797084,-0.6327497955193291,0.43372297378585906,0.592088196119486
-0.12133528933671811,-1.1633346303951435,-0.7047720876385523,-0.8623242284374529,-0.8980595001040566,-0.6423339140963648,-0.051179782190620804,-1.1630186383086465,0.3292416788851403,0.6672251770032038
-0.3508867875298657,-1.0121563710231327,-0.45121986082050275,-0.7701383792609379,-0.5685794096824737,-0.281364868594183,-0.05462479426152239,-0.9473792300809837,0.4559000734891206,0.4331170200419348
-0.43774221513336886,-0.8727176204626752,-0.15716648021866536,-0.7709974625913019,-0.5518434158115226,0.02522555592977488,0.6090246186006985,-1.063315917562311,0.18301140450112396,0.3168289182533475
-0.5325244480061693,-0.7776211678409882,-0.5257083621472046,-0.6807120306391321,-0.5155965802439568,-0.35885596759335314,0.015905953255996308,-0.7504352156934996,0.38535737613861504,0.6022508087698689
-0.5072952890207242,-1.027369881834704,-0.6914471641134244,-0.2704150521637681,-0.6377309759526866,-0.09738876600887852,0.06422547686863056,-0.8992563329712182,0.3987278164377708,0.3478701248082533
-0.41936240883800546,-0.9783396015440751,-0.6669445359015885,-0.37060728639104934,-1.0175269635263222,-0.7253970988896596,-0.027376577160250326,-0.7851978788743688,0.37795066343827194,0.3730543434988133
-0.26859642513667825,-0.6176869211681769,-0.6024781278814482,-0.8270289389139918,-0.4481431592196321,-0.1810874766301746,0.008874352757138104,-0.8719147572179213,0.7097777007103929,0.5760812802672434
-0.2681012840832486,-1.1937851704731668,-0.5280796666747684,-0.8257360945519416,-1.0402545790549107,-0.6412939488843403,-0.026274047917827947,-1.075866303067827,0.6475151098748496,0.5011961381260979
-0.32548361258384106,-1.2629814868392586,-0.5409408157453905,-0.875733147059059,-0.8703932472465724,-0.8962978727046491,-0.11749251627209983,-0.8750481923253273,0.5779306530848848,0.5841453248240216
-0.46752918931135595,-0.7255424219470716,-0.5171643466259701,-0.8387691861371178,-0.7427201358419808,-0.4748123982978253,0.11291882589082558,-0.878178871382834,0.24732174151588704,0.5719355303326058
-0.4162516080741199,-1.1558359825793212,-0.18723936464558655,-0.9827188843761228,-0.5017120680178992,-0.35668645551964934,0.09900812128152486,-0.7238350842146413,0.7796122937661447,0.613446837329952
-0.2900504799248829,-1.151910568892533,-0.6222077669838442,-0.9036278238661004,-0.7206197049198588,-0.44562397967295664,-0.27498518109272724,-0.6692601766025081,0.7978796790269482,0.7551619975032545
-0.43469361272616974,-1.0034408607178165,-0.6344178805640643,-0.7607776391614902,-0.6515071563346857,-0.41160988541924987,0.06493681468983714,-0.8907966759872843,0.7275903480887147,0.7702998425138635
-0.3623037164013786,-1.2042219093010642,-0.5345190978878378,-0.48101417124069,-0.8328501607916503,-0.6845468698287981,-0.020782990701910253,-1.1022764049971014,0.37104521409070035,0.44262246038820224
-0.5756844488836647,-1.4495533511177139,-0.41943440083256317,-0.6445203865901663,-0.8186623737189684,-0.3605319108239323,0.09053031152342872,-1.0074218683806997,0.5307428969343386,0.34331035162865803
-0.36268579051162364,-1.2003128938227359,-0.4928171929995485,-0.5449879599466708,-0.9193018057909057,-0.34481717468632167,0.22947931201910177,-1.0670709343749274,0.3715184949879401,0.40603379031188386
-0.21464715521258618,-0.9634452793310453,-0.6343190999701406,-0.7773572515048269,-0.5830530240596601,-0.11741804834922215,-0.10502389155683745,-0.8952916347415688,1.020859248119197,0.4404850841310817
-0.3559380108738722,-1.0849103523124621,-0.510914411468271,-0.7870838364753872,-0.7821171341690683,-0.615220176959119,-0.13870527402320593,-0.8182533885677816,0.5175876476044169,0.6298258047190463
-0.34305041873182845,-1.1674469893767092,-0.3296362217293944,-0.9200191864823636,-0.772686074008235,-0.5145312639133712,0.0424701371383594,-1.0895181578898254,0.46074786801717277,0.7468280684960411
-0.3694451234928696,-1.1454137740677928,-0.5003339648293992,-0.6308250969308064,-1.0460134944486335,-0.5657245298614341,-0.14287646621991518,-1.040119819907777,0.926887831804518,0.6075646852142046
0.113102838233857,-0.8714632455858398,-0.4795207777647439,-0.8716962283468624,-0.9464690199543309,-0.4177408171674376,-0.04390340925652714,-0.9448121569156547,0.6156769516528378,0.6530353482386223
-0.3600386182130165,-0.9149428014444316,-0.5203628429448244,-0.621014747689719,-0.5756346192507276,-0.21572554078476824,0.15323461863001753,-0.933846902433721,0.5545292377557085,0.28290279131858764
-0.25763707831695204,-1.0698394031893352,-0.09709528972786152,-0.7523064856947138,-0.7013650145993677,-0.30734173228174816,0.5663994918654315,-0.9666013101442965,0.04415896137764186,0.44499133661631574
-0.3050394270421676,-0.9790237839933206,-0.5440575007146439,-0.5901034088900311,-0.8363136561416383,-0.39926491094643507,0.10448770852554268,-1.0220985444735187,0.39157499751971037,0.41803397705953943
-0.329273005226607,-1.2048331223257907,-0.49886304416459853,-0.2623923622163713,-0.6751224748085594,-0.5294198678457196,0.2184450447017255,-0.7833404404076804,0.366472042051501,0.2613463128985732
-0.2426480546278127,-1.2837143188157674,-0.821206138587617,-0.8599446094374773,-1.0818896533791629,-0.9849126571250231,-0.3996317265116482,-0.8442017404958494,0.8590305217177536,0.818436194600974
-0.16739611989718423,-1.2654758560119816,-0.5268394762684211,-0.7785598882159707,-0.8946964359324958,-0.5757002619333617,0.051507668216649094,-1.2115012801490601,0.44564591687829924,0.4634446058588352
-0.09305664264839547,-1.2824420641616214,-0.6780514496455433,-0.977415712638784,-0.9713526113985695,-0.5772909760442243,-0.16268457604276104,-1.124158461969554,0.7651085044054696,0.8229328980081334
-0.18514580808755304,-1.5411819328959022,-0.8022158644574174,-1.1405276090305894,-1.1939941428733372,-0.927821927024377,-0.2910042851895827,-0.9340009148910613,0.8011932547751466,0.8751111120765281
-0.2938111923798826,-1.0032106333302213,-0.6003950778752669,-0.613534152782285,-0.6583220444722491,-0.3227500109156108,0.07510126328462619,-0.8096384631349998,0.48911352728381313,0.547877596838609
-0.17410906251532726,-1.155568289076466,-0.907580130018377,-0.7247920168385329,-0.9376058107391092,-0.7162573575027588,-0.3215782617296534,-0.9323710243979133,0.6800162967406771,0.6411650646015373
-0.3950831433232209,-1.0560402577055412,-0.4628756713208518,-0.661123601677992,-0.5446281114731945,-0.3296663955596752,0.013210758471179973,-0.7611292866287899,0.6141430733617207,0.2700321622415708
-0.34826071460256586,-0.7729505267989298,-0.4067168019847404,-0.5203469162838725,-0.5864116637474615,-0.5117638635474051,0.062752337197154,-0.9693668310997423,0.39755806910819586,0.5119960066271525
-0.5206764514125968,-1.4200742726245235,-0.8264280277304904,-0.301313016371369,-1.1534600522755798,-0.525653933936239,0.10274805162394585,-1.0944720322501034,0.19859731369164116,0.6663426383015313
-0.43565844048744,-0.8255725600809695,-0.6568177821657508,-0.6291422602722393,-0.7751611803446625,-0.44816291231585786,-0.1518235324357976,-0.8528062015180843,0.6645731210494347,0.3385741033178966
-0.06278860261890074,-0.9602142033824124,-0.3630421491257341,-0.8966652669960709,-0.8836047850235682,-0.7651137606888626,0.004052959973765979,-0.6537249294102663,0.453036658956918,0.6920025322743496
-0.06073216993665942,-1.2069298407013584,-0.6297069106152908,-1.0591011715301473,-1.1021850614704247,-0.003573409995314525,0.2319411120750866,-1.2527637392128255,0.6558786260475992,0.6511366687223241
-0.23013661111567887,-1.0615221460863435,-0.8340463805405197,-0.6712378389981144,-0.9441050478138906,-0.5842893892168305,-0.4704540063250013,-0.9605434011228869,0.9569828457905258,0.6515411812992205
-0.35207487048060726,-0.5792274250057615,-0.3179993342835647,-0.625063726075471,-0.1733017674523673,0.2521691557251245,0.31578667821086476,-0.8851032255752337,0.35798914456392983,0.5144625447231171
-0.23932000042042673,-0.8234485568723884,-0.4456371470096717,-0.6518504957223481,-0.500026295119915,-0.278996873569359,0.27563369559651324,-0.42933879628985744,0.4012987227916546,0.6201647903239016
-0.3741016353773662,-1.1093437388818792,-0.4531978389228672,-0.49060379575239255,-0.7409442118840588,0.1622349935729099,0.3275428553566896,-1.0940848804944618,0.3029913034706006,0.4350756640376317
-0.30867659747391807,-0.7079548204716062,-0.6931185304038282,-0.44611597480513004,-0.6298674653116151,0.1452990820496445,-0.05833745199602325,-1.1336534690301205,0.6262018740276594,0.4148076822184755
-0.035413361645536434,-1.346033126406892,-0.5357922234813739,-0.8648138705329876,-0.8284471639117896,-0.49097216582032766,0.07257521762656238,-1.0079542485818402,0.2519252295963149,0.8281708968786227
-0.3054459609962802,-0.9853122500565765,-0.4635362414302038,-0.7054244458612,-0.808091633941738,-0.5035621676148194,0.28958227578056456,-0.8968088352410288,0.3709824437760724,0.6598571989652139
-0.3726947131581123,-1.0366478050206456,-0.7012811148690883,-0.8741121464336641,-0.7785426046370478,-0.45758550186572483,-0.08547974351945509,-1.011778052633725,0.5529753230594469,0.8474530868855427
-0.225651040302219,-1.3323556818489806,-0.5441687726002056,-0.91649445740544,-1.011509042787123,-0.6966702587160203,-0.08254911368948237,-0.913646202166569,0.7103147474949294,0.6181512024981081
-0.18022474584724496,-1.2198075145987346,-0.7298521717111971,-0.7656657685483097,-1.1395461480252096,-0.6173869431356359,-0.2511421560211888,-0.8830645875696603,0.7528893707954201,0.6795934009552085
-0.2277905589510596,-1.1863260188760294,-0.4278137555171403,-0.9871282516922764,-0.8112548018922673,-0.6185091469313814,0.14363149093968036,-0.5433304163090067,0.2650381864480095,0.7222076300004777
-0.14399351354362405,-1.0228031301130873,-0.47378222330209196,-0.9790322898220815,-0.8542639753481627,-0.7468997790615864,-0.2343086341206267,-1.1819595973038255,0.9287229742184682,0.8415653130950372
-0.28307624148780686,-1.2506647220254754,-0.5334542919198756,-0.6219467198562832,-1.0021716352221262,-0.5747833788551717,-0.11511902651506317,-0.869141627372213,0.8361631810129708,0.43727472073772
-0.17077784824217163,-1.2436418441157762,-0.4811151879241197,-0.834833253468001,-0.8705730482951779,-0.26154529050910175,0.4229074069293282,-1.1100872175419263,0.07601290790408455,0.6100474771994895
-0.22891637201587023,-1.2286872241225741,-0.6521439910632665,-0.7070294935016848,-1.1426278169571153,-0.4414325683103828,-0.08050366988915658,-1.2524070850889508,0.7461304505423868,0.5983718959029432
-0.378028349775664,-1.212255814802647,-0.3903205467126293,-0.534822841296029,-1.0358745060985661,-0.7175369459691793,0.15847823959064644,-1.2108723317144525,0.5006258803490558,0.5643003189873681
-0.4000364298986375,-1.1605971185863189,-0.4771471538957461,-0.5265037036187996,-1.0509565374420113,-0.6128722234690662,0.1775853899469168,-1.1809082708821501,0.46468457823917875,0.4507706316133397
0.002251136071358739,-1.0790867734393765,-0.3682017225715354,-0.8958359341404722,-0.7482251599588478,-0.3914479381475134,0.4949267031948075,-1.041844056278241,-0.01240012615532926,0.5888777970785009
-0.586065509977889,-0.9015930757657775,-0.33580121611970526,-0.51132470714466,-0.6453497543603994,-0.5210313227508119,0.24260633316398206,-0.788052270765508,0.19326812179046748,0.4885819416188177
-0.17888763358849766,-0.7293305365116217,-0.34250817262115685,-0.6961599616525963,-0.6197019225203688,0.007962839811166522,0.5202976033431757,-0.9102618738927324,0.15749054509006905,0.30963077679209855
-0.3448944622351577,-0.9833265920281221,-0.3610240605474959,-0.9434376755776188,-0.4942518565670945,-0.29824024709190566,-0.05617055935760823,-0.6922157255897807,0.8069400127497826,0.6480108619490084
-0.3129209438912742,-1.1163212677368275,-0.4945733161412472,-0.47943116979496825,-0.9376775083330188,-0.3520399026183334,-0.012590063192913947,-1.288599859583539,0.623575584119549,0.25195118568104474
-0.5442704260491608,-1.23443336498593,-0.6667432321430432,-0.7402841930329985,-0.8313460152130673,-0.14967283768407086,0.11125573700352254,-1.0945894649092938,0.4785306165291867,0.6735012610802149
-0.2529604956530114,-1.4933230277321847,-0.2528091345363888,-0.8000240739263659,-0.9819993611194082,-0.5627154160201324,0.5383461184627791,-0.9967685258225578,0.16586456594168952,0.44522485367048936
-0.12380673289001881,-1.2397748981056451,-0.5328631566614768,-0.7138569654416709,-0.8440627164059218,-0.23249700239323312,0.24826445943152464,-0.7068188661833581,0.42122629413765933,0.6513371982093066
-0.29102542123110353,-1.1954610512084118,-0.35933204343307634,-1.1139210199116247,-0.6955978939045019,-0.07135810482229021,0.3239286330162524,-0.743671133614869,0.3500654382448675,0.6204773608250673
-0.43521453755085754,-1.0916735520923968,-0.5536748464559803,-1.0171434062058757,-0.8714306095852109,-0.6842736464957344,-0.1747583037431994,-1.0602017144600284,0.9776835690779238,0.7812020266917714
-0.45105066972708274,-0.9650496688885415,-0.40537784466137006,-0.520055130572269,-0.5963613220477237,-0.26036466929868857,0.3014251302991476,-0.7724596502661807,0.32461843342777413,0.37858086212056236
-0.5077951933853353,-1.223470336972548,-0.5178614688951814,-0.30317422968397334,-0.6575844828136111,-0.23139496418251182,0.1598571220281666,-1.010599271381764,0.5946949017606245,0.25121070305061655
-0.3336465538830717,-1.3239902599950637,-0.6995024996130972,-0.5458405460086388,-1.0705135591478754,-0.22952149137643524,0.06999028535456575,-1.0288078803234217,0.3337235052233448,0.6102818274142359
-0.1252120107103054,-1.0567555203427335,-0.48019674179021865,-0.8280767458922496,-0.7130963370114589,-0.4813442064984418,0.11664859266675037,-0.8086124284540461,0.39822314840826467,0.4265561001465231
-0.44760253564970726,-1.419132632670073,-0.5507348791687726,-0.7869703300226238,-1.086335032661305,-0.41995518766782813,0.24690588634898458,-1.0463532784897862,0.20808200713239552,0.760073840839987
-0.33612766396003335,-1.3773031706289118,-0.5523741047494893,-0.5660150282064212,-0.8765469201187244,-0.3725444332950685,0.10657313358416787,-0.889894318615936,0.6080991517618503,0.3230375763717763
-0.3188329333114702,-0.9828943132363976,-0.858660893115432,-0.5289114482188677,-0.8112799797194626,-0.25287717397176496,-0.25115486615011984,-1.1270451644953836,0.9982929910650964,0.3550211226002039
-0.2130956262631999,-1.1469272296934523,-0.4255537133870299,-1.1121054739055805,-0.8220801708012457,-0.6363261660201588,0.1571315414788474,-1.126614419832739,0.35093030362564853,0.7963745015772328
-0.32909702732872476,-1.0557242237962259,-0.5438876089530227,-0.9748020493884545,-0.8562513185791257,-0.7857734878906328,0.0785364856220524,-0.8938667051911342,0.5486278397942438,0.7115888980572782
-0.14202280768798564,-1.1289269576577685,-0.5419830689808735,-0.4071302914304663,-1.0302504813141466,-0.39808769676915023,0.16407171933772802,-1.1386478945678475,0.47805845885434384,0.6785807237820716
-0.291023067158304,-1.0587501346880466,-0.586807653530521,-0.9019508749987006,-0.872551374783316,-0.45937346877180923,-0.028614027719988444,-1.1598859180509504,0.9477904731725019,0.7406511412840014
-0.5551976338370768,-1.3447143388281961,-0.7495898676020808,-0.7159267109721055,-1.1370857613818481,-0.7566381841041655,-0.15526467957939383,-1.2536248893566435,0.7840671272188627,0.4187808852162564
-0.1905980595606826,-1.2643417272331743,-0.25349187254245586,-0.9015091741074288,-0.8575680630598346,-0.4883016252597295,0.2851905041140815,-1.1634105322412145,0.5282311734622335,0.5750071536283066
-0.027306376005251126,-1.1835429807335247,-0.5541387768550498,-0.7238021081338841,-0.8340921689992646,-0.17376526099259051,0.02267027487155615,-0.9982471181846426,0.7384194207299472,0.4662268549893828
0.15810263647920098,-1.1480097126622977,-0.6512708688884377,-0.8109226018600778,-0.6486220442357702,-0.2703802614633309,0.011258807055418818,-0.8561106089214674,0.7005684181835021,0.8644391372150684
-0.08917027453167042,-1.2272504332276686,-0.5664012157922177,-0.8860520398272804,-0.9879512895501258,-0.3881091452876085,0.1457497297525242,-1.154646694321408,0.12296150302247036,0.6249203562844442
-0.07680141131292428,-1.297268384797784,-0.6457166632787894,-0.836446408769552,-1.044274914765929,-0.5990828017871607,-0.018342471533064453,-0.9607755646804859,0.5978145388035175,0.8239778070310041
-0.317941220662313,-1.0364381998184962,-0.5187000032088595,-0.5461493704593728,-0.980890685665103,-0.6377587817548214,0.025544177354130282,-0.8674659486089904,0.5369061644974061,0.4726561247748364
-0.06036863998861702,-1.3625644206592895,-0.5512063308388404,-1.0554129402706915,-0.8193240650036886,-0.895806389941485,-0.17518710691845152,-0.6528989990828539,0.3989933491612361,0.7977988484546016
-0.114024656908855,-0.862630731749874,-0.6484133757768488,-0.863397476195227,-1.0915446943822922,-0.2539733828277761,0.02802365630441639,-1.1718014688623692,0.6355217366036597,0.7128585484257661
-0.5862928861927639,-1.0557871072874034,-0.7612513232011987,-0.40014028290132003,-0.6812558194307394,-0.7310055335782562,-0.1304197323566837,-0.63043387157419,0.47407441710161696,0.47110197380223945
-0.3144649755255218,-1.162233245525983,-0.31919672218844886,-0.5647738983352407,-0.7493421895004391,-0.2844684643806614,0.2591102708496251,-1.0233705758362195,0.46166850007324967,0.25235998474343047
-0.09428019535884291,-0.45348909506414525,-0.6362478034530531,-0.6261344037350596,-0.5279676003468983,-0.13533584414046335,0.10085781141041661,-0.7006840825694316,0.28543538270070773,0.5587827657335935
-0.40663624475808013,-1.0399925391765157,-0.7106223059207305,-0.788219187978426,-0.8898588327922914,-0.5059990975229238,-0.1982277827179581,-1.2620471281003565,0.8790954735877814,0.5450713020376036
-0.5551355032523425,-1.3396101001113063,-0.5315647810998061,-0.6410573449616024,-1.0884364820467818,-0.685436662016046,0.017678130761699884,-1.1944594051491848,0.5709401169676581,0.3570074312273393
-0.25720824312584867,-1.1945021369227389,-0.5724556520210633,-0.4814397310430628,-0.7916489652203436,-0.5219851774024686,0.19332122535614404,-0.9210403004037211,0.07761525657893226,0.5109465394648525
-0.351673962324269,-0.9309213919580265,-0.819476785483112,-0.6433755840372176,-0.756259122182706,-0.3829230611084208,-0.14902806119820722,-1.0424109650404783,0.43758203407869517,0.4308924614930004
-0.3346331457517051,-1.203469944498495,-0.5854322355182443,-1.0525141486733334,-0.9743796730515739,-0.9928378641147122,-0.2671989423912326,-0.8200771095992316,0.6002942660503434,0.700981174591991
-0.1592422238561289,-1.2088952819481453,-0.49353847655103333,-1.0117590392655549,-1.0196029061338054,-0.7519157353108921,-0.14057690547591206,-0.8316494416741829,0.4889159815509636,0.6683283786164027
-0.2632267271152494,-1.469554152536492,-0.6764092157966201,-1.3644539407909222,-1.037687167821458,-0.7407691151974155,-0.4051259037687187,-1.0773451549345188,0.8602481036045838,0.8363336541018523
-0.5495164210609695,-0.8219486285773506,-0.6408597765604034,-0.5867132282112119,-0.6205680259514357,-0.1604917158437377,-0.09115693783344214,-0.987254951160466,0.532396987765782,0.3465893948796266
-0.32786214980374406,-1.1011996368158408,-0.39276175027778853,-0.351951925666575,-0.6638746013224579,-0.6636032328145514,-0.03246439450353816,-1.038959031073675,0.5757579485374751,0.5518904474677317
-0.420348802988186,-1.3632708055253613,-0.715683695518224,-0.7724024518739268,-1.0176459778088343,-0.8145442156478407,-0.35484719454155106,-1.2725007614308141,0.8590814173217584,0.640813774705751
-0.19240148726010114,-1.134195213842407,-0.839020329094009,-0.9360592438118385,-0.9252911335496374,-0.6355866959771185,-0.17885449539809817,-1.1107489561470612,0.6084379171526288,0.7487979066910087
-0.4296802512813414,-1.1421512013783799,-0.6158922290669369,-0.5321844550111472,-0.9514297671098269,-0.6437598340626277,-0.09179204260843743,-0.8003609063224455,0.2872427205682952,0.24370315950284027
-0.48706093603454464,-1.333668100854554,-0.5922285757937314,-0.7274023187592509,-1.0315547735293251,-0.3829499520508783,0.12396904922866536,-1.271137158002946,0.4229653875106082,0.5542270063895177
-0.19248662696053648,-1.2010492550058545,-0.6068642361640835,-0.5458226760539515,-1.0334132334052077,-0.5295843585580796,-0.0414435985081989,-1.1438519841648378,0.795611573337794,0.709783929282253
-0.20258843169746796,-1.2639371011759737,-0.5461971368586553,-0.7504724033756484,-0.6541431239900788,-0.4370017001154468,0.11449014094238774,-1.0208803753071902,0.486866080411298,0.482532731226754
-0.0822966694077234,-1.0913712622335767,-0.4243248528458544,-0.6075482384983499,-0.7440294233516328,-0.4583248828589014,0.09929480126630308,-0.9431739445062124,0.5821721579498378,0.4157230823144173
-0.36488154448330484,-1.1898267835755059,-0.44563221901473116,-1.06541332061073,-0.7967584974304579,-0.47363225974410955,-0.04837297335460111,-0.9574084898289819,0.549027675226059,0.5206559555125758
-0.2631121440396319,-0.7738775035334566,-0.880553386473281,-0.7414488257093854,-0.8470700042921975,-0.717288215092018,-0.3987367254696463,-0.9732323436828577,0.6927211452842486,0.7629129192427615
-0.2058823631611441,-1.0556053736189914,-0.6175370771140798,-0.694667672611648,-0.6216397491929403,-0.35339193067501595,0.10589265448983476,-0.9186825267302504,0.2864724519359097,0.39415136802884576
-0.4114147397633051,-1.1559062536460314,-0.7025275578844516,-0.45129259689208795,-0.8689436579814025,-0.248790453989104,0.08733774182516141,-1.018767104503597,0.5730463722366665,0.45199723248886203
-0.31890174627828133,-1.6321970905908687,-0.7075857437360996,-0.6243270866943587,-1.2856203495793819,-0.8053523848306577,0.017919857903109904,-1.393273915239026,0.5992953826879578,0.6463051141865502
-0.19947979343962668,-0.9210829110524672,-0.4643472740011466,-0.7025152815769824,-0.919015514400537,-0.5072014384503694,0.1426686490162989,-0.8697616721770669,0.3542616471784391,0.5411347821747685
-0.07162876060120182,-1.213854431306834,-0.42759240537467325,-0.8366456134705866,-0.8661181750944457,-0.32368900453336813,0.21606934670218597,-1.0845961404276627,0.3665395861082942,0.8017350584226841
-0.5293774405327156,-1.1002037368395492,-0.37707316918903677,-0.44704031525051735,-0.8534749135503874,-0.2532811068228442,0.3597302439468535,-0.7932537903251775,0.37920572470020814,0.4926889781582561
-0.11389767006615524,-1.6327873579696952,-0.35045517101297124,-0.4352309934312221,-1.0670370707731103,-0.8245906699890908,0.04178063277773825,-0.9823103179119654,0.5450503896817505,0.21684071892650678
-0.15928059691280178,-1.267919641033041,-0.7650420286066363,-0.6449800001735218,-0.7313471579651895,-0.41597594792275583,-0.16174800801734113,-1.072830183488176,0.353677393453511,0.7213025141463935
